{"cameraMode":{"drawMode":0,"name":"Shaded","section":"Shading Mode"},"sceneLighting":true,"audioPlay":false,"sceneViewState":{"showFog":true,"showMaterialUpdate":false,"showSkybox":false,"showFlares":true,"showImageEffects":true,"showParticleSystems":true},"in2DMode":false,"pivot":{"x":0.16546630859375,"y":2.5045166015625,"z":0.23542022705078126},"rotation":{"x":0.029439033940434457,"y":-0.9701159596443176,"z":0.18495990335941316,"w":0.15435796976089478},"size":2.919806957244873,"orthographic":true}