{"cameraMode":{"drawMode":0,"name":"Shaded","section":"Shading Mode"},"sceneLighting":false,"audioPlay":false,"sceneViewState":{"showFog":true,"showMaterialUpdate":false,"showSkybox":false,"showFlares":true,"showImageEffects":true,"showParticleSystems":true},"in2DMode":false,"pivot":{"x":218.2647705078125,"y":303.0675354003906,"z":-13.1419677734375},"rotation":{"x":0.23086413741111756,"y":0.1499127447605133,"z":-0.03594911843538284,"w":0.9607803821563721},"size":173.2360382080078,"orthographic":false}