{"cameraMode":{"drawMode":0,"name":"Shaded","section":"Shading Mode"},"sceneLighting":true,"audioPlay":false,"sceneViewState":{"showFog":true,"showMaterialUpdate":false,"showSkybox":true,"showFlares":true,"showImageEffects":true,"showParticleSystems":true},"in2DMode":false,"pivot":{"x":2.319999933242798,"y":0.0,"z":-8.109999656677246},"rotation":{"x":0.6600233912467957,"y":0.007887611165642739,"z":-0.006930619478225708,"w":0.7511716485023499},"size":10.827856063842774,"orthographic":true}