{"cameraMode":{"drawMode":0,"name":"Shaded","section":"Shading Mode"},"sceneLighting":false,"audioPlay":false,"sceneViewState":{"showFog":true,"showMaterialUpdate":false,"showSkybox":true,"showFlares":true,"showImageEffects":true,"showParticleSystems":true},"in2DMode":false,"pivot":{"x":-40.919898986816409,"y":-88.38285827636719,"z":74.65609741210938},"rotation":{"x":0.16646748781204225,"y":-0.0437723733484745,"z":0.007401477545499802,"w":0.9850471019744873},"size":407.22308349609377,"orthographic":false}