{"cameraMode":{"drawMode":0,"name":"Shaded","section":"Shading Mode"},"sceneLighting":true,"audioPlay":false,"sceneViewState":{"showFog":true,"showMaterialUpdate":false,"showSkybox":true,"showFlares":true,"showImageEffects":true,"showParticleSystems":true},"in2DMode":false,"pivot":{"x":0.5506462454795837,"y":-0.013960838317871094,"z":-0.8427190780639648},"rotation":{"x":-0.6348845362663269,"y":-0.008115647360682488,"z":0.006664543878287077,"w":-0.7725357413291931},"size":12.909756660461426,"orthographic":false}