{"cameraMode":{"drawMode":0,"name":"Shaded","section":"Shading Mode"},"sceneLighting":true,"audioPlay":false,"sceneViewState":{"showFog":true,"showMaterialUpdate":false,"showSkybox":true,"showFlares":true,"showImageEffects":true,"showParticleSystems":true},"in2DMode":false,"pivot":{"x":1.7548828125,"y":-162.57666015625,"z":0.82666015625},"rotation":{"x":-0.4954420030117035,"y":-0.2904973030090332,"z":0.18023456633090974,"w":-0.7985386848449707},"size":3.766172409057617,"orthographic":true}