{"cameraMode":{"drawMode":0,"name":"Shaded","section":"Shading Mode"},"sceneLighting":true,"audioPlay":false,"sceneViewState":{"showFog":true,"showMaterialUpdate":false,"showSkybox":true,"showFlares":true,"showImageEffects":true,"showParticleSystems":true},"in2DMode":false,"pivot":{"x":-5.4484968185424809,"y":6.010898113250732,"z":-0.9200290441513062},"rotation":{"x":0.29473575949668887,"y":-0.2878381907939911,"z":0.09363272041082382,"w":0.9064036011695862},"size":48.36680603027344,"orthographic":false}