{"cameraMode":{"drawMode":0,"name":"Shaded","section":"Shading Mode"},"sceneLighting":true,"audioPlay":false,"sceneViewState":{"showFog":true,"showMaterialUpdate":false,"showSkybox":true,"showFlares":true,"showImageEffects":true,"showParticleSystems":true},"in2DMode":false,"pivot":{"x":3.500255584716797,"y":-162.76776123046876,"z":0.866021454334259},"rotation":{"x":-0.4954420030117035,"y":-0.2904973030090332,"z":0.18023456633090974,"w":-0.7985386848449707},"size":9.491660118103028,"orthographic":true}