{"cameraMode":{"drawMode":0,"name":"Shaded","section":"Shading Mode"},"sceneLighting":true,"audioPlay":false,"sceneViewState":{"showFog":true,"showMaterialUpdate":false,"showSkybox":true,"showFlares":true,"showImageEffects":true,"showParticleSystems":true},"in2DMode":false,"pivot":{"x":-0.12621746957302094,"y":-0.3827810287475586,"z":0.39165711402893069},"rotation":{"x":-0.5893679857254028,"y":0.007752816192805767,"z":-0.005656655412167311,"w":-0.8078076839447022},"size":12.309678077697754,"orthographic":false}