{"cameraMode":{"drawMode":0,"name":"Shaded","section":"Shading Mode"},"sceneLighting":true,"audioPlay":false,"sceneViewState":{"showFog":true,"showMaterialUpdate":false,"showSkybox":true,"showFlares":true,"showImageEffects":true,"showParticleSystems":true},"in2DMode":false,"pivot":{"x":-2.708301544189453,"y":-398.064697265625,"z":0.6249780654907227},"rotation":{"x":0.49072253704071047,"y":-0.321169912815094,"z":0.20092704892158509,"w":0.7846759557723999},"size":38.958091735839847,"orthographic":false}