{"cameraMode":{"drawMode":0,"name":"Shaded","section":"Shading Mode"},"sceneLighting":true,"audioPlay":false,"sceneViewState":{"showFog":true,"showMaterialUpdate":false,"showSkybox":true,"showFlares":true,"showImageEffects":true,"showParticleSystems":true},"in2DMode":false,"pivot":{"x":0.12963098287582398,"y":0.05789756774902344,"z":0.14353609085083009},"rotation":{"x":-0.5442900657653809,"y":0.04073168709874153,"z":-0.026472019031643869,"w":-0.8374894261360169},"size":12.461819648742676,"orthographic":false}