{"cameraMode":{"drawMode":0,"name":"Shaded","section":"Shading Mode"},"sceneLighting":false,"audioPlay":false,"sceneViewState":{"showFog":true,"showMaterialUpdate":false,"showSkybox":true,"showFlares":true,"showImageEffects":true,"showParticleSystems":true},"in2DMode":false,"pivot":{"x":0.44241905212402346,"y":-0.04163163900375366,"z":0.4730182886123657},"rotation":{"x":0.1174716129899025,"y":0.30829042196273806,"z":-0.03839568421244621,"w":0.9432302713394165},"size":3.7438242435455324,"orthographic":false}