{"cameraMode":{"drawMode":0,"name":"Shaded","section":"Shading Mode"},"sceneLighting":true,"audioPlay":false,"sceneViewState":{"showFog":true,"showMaterialUpdate":false,"showSkybox":true,"showFlares":true,"showImageEffects":true,"showParticleSystems":true},"in2DMode":false,"pivot":{"x":-1.5775237083435059,"y":-0.2166910171508789,"z":-0.20880556106567384},"rotation":{"x":-0.6056722402572632,"y":-0.060237906873226169,"z":0.04606052115559578,"w":-0.7920928001403809},"size":11.291853904724121,"orthographic":false}