{"cameraMode":{"drawMode":0,"name":"Shaded","section":"Shading Mode"},"sceneLighting":true,"audioPlay":false,"sceneViewState":{"showFog":true,"showMaterialUpdate":false,"showSkybox":true,"showFlares":true,"showImageEffects":true,"showParticleSystems":true},"in2DMode":false,"pivot":{"x":0.6062178611755371,"y":-57.73469161987305,"z":0.0},"rotation":{"x":0.5782760977745056,"y":-0.11143918335437775,"z":0.08012007176876068,"w":0.8042178153991699},"size":18.498733520507814,"orthographic":false}