{"cameraMode":{"drawMode":0,"name":"Shaded","section":"Shading Mode"},"sceneLighting":true,"audioPlay":false,"sceneViewState":{"showFog":true,"showMaterialUpdate":false,"showSkybox":true,"showFlares":true,"showImageEffects":true,"showParticleSystems":true},"in2DMode":false,"pivot":{"x":0.019324466586112977,"y":-182.7308349609375,"z":-0.012772560119628907},"rotation":{"x":0.2669663727283478,"y":-0.18842604756355287,"z":0.053313959389925,"w":0.9436007142066956},"size":9.615926742553711,"orthographic":true}