{"cameraMode":{"drawMode":0,"name":"Shaded","section":"Shading Mode"},"sceneLighting":false,"audioPlay":false,"sceneViewState":{"showFog":true,"showMaterialUpdate":false,"showSkybox":true,"showFlares":true,"showImageEffects":true,"showParticleSystems":true},"in2DMode":false,"pivot":{"x":0.018155500292778016,"y":-0.05492120981216431,"z":0.026678025722503663},"rotation":{"x":0.011270278133451939,"y":0.9404486417770386,"z":-0.3383013904094696,"w":0.031329408288002017},"size":1.6114234924316407,"orthographic":false}