{"cameraMode":{"drawMode":0,"name":"Shaded","section":"Shading Mode"},"sceneLighting":true,"audioPlay":false,"sceneViewState":{"showFog":true,"showMaterialUpdate":false,"showSkybox":true,"showFlares":true,"showImageEffects":true,"showParticleSystems":true},"in2DMode":false,"pivot":{"x":0.5520972609519959,"y":-18.396469116210939,"z":-0.2713606059551239},"rotation":{"x":-0.5628901720046997,"y":0.3418308198451996,"z":-0.274627149105072,"w":-0.7006327509880066},"size":0.16954761743545533,"orthographic":false}