{"cameraMode":{"drawMode":0,"name":"Shaded","section":"Shading Mode"},"sceneLighting":true,"audioPlay":false,"sceneViewState":{"showFog":true,"showMaterialUpdate":false,"showSkybox":true,"showFlares":true,"showImageEffects":true,"showParticleSystems":true},"in2DMode":false,"pivot":{"x":-0.4155108332633972,"y":-271.24102783203127,"z":0.5700349807739258},"rotation":{"x":-0.49087879061698916,"y":0.398609459400177,"z":-0.2693873345851898,"w":-0.7263463735580444},"size":2.1359798908233644,"orthographic":false}