{"cameraMode":{"drawMode":0,"name":"Shaded","section":"Shading Mode"},"sceneLighting":false,"audioPlay":false,"sceneViewState":{"showFog":true,"showMaterialUpdate":false,"showSkybox":true,"showFlares":true,"showImageEffects":true,"showParticleSystems":true},"in2DMode":false,"pivot":{"x":-0.013441696763038636,"y":-0.27476829290390017,"z":0.22667047381401063},"rotation":{"x":0.011270278133451939,"y":0.9404486417770386,"z":-0.3383013904094696,"w":0.031329408288002017},"size":1.2000572681427003,"orthographic":false}